{
    "loss": 0.7807002067565918,
    "accuracy": 0.5742574334144592
}