{
    "loss": 0.7087259888648987,
    "accuracy": 0.5742574334144592
}