{
    "loss": 0.12883023917675018,
    "accuracy": 0.9603960514068604
}